{"cameraMode":{"drawMode":0,"name":"Shaded","section":"Shading Mode"},"sceneLighting":false,"audioPlay":false,"sceneViewState":{"m_AlwaysRefresh":false,"showFog":true,"showSkybox":false,"showFlares":true,"showImageEffects":true,"showParticleSystems":true,"showVisualEffectGraphs":true,"m_FxEnabled":true},"in2DMode":false,"pivot":{"x":-0.0446958914399147,"y":1.0062938928604127,"z":0.013889297842979432},"rotation":{"x":-0.04899454861879349,"y":0.3576667308807373,"z":-0.018795045092701913,"w":-0.9323757290840149},"size":2.07669734954834,"orthographic":false}