{"cameraMode":{"drawMode":0,"name":"Shaded","section":"Shading Mode"},"sceneLighting":false,"audioPlay":false,"sceneViewState":{"m_AlwaysRefresh":false,"showFog":true,"showSkybox":false,"showFlares":true,"showImageEffects":true,"showParticleSystems":true,"showVisualEffectGraphs":true,"m_FxEnabled":true},"in2DMode":false,"pivot":{"x":0.09300000220537186,"y":3.7899999618530275,"z":1.2990000247955323},"rotation":{"x":0.001906241406686604,"y":0.9931690692901611,"z":-0.016388770192861558,"w":0.1155216321349144},"size":0.051503557711839679,"orthographic":true}