{"cameraMode":{"drawMode":0,"name":"Shaded","section":"Shading Mode"},"sceneLighting":false,"audioPlay":false,"sceneViewState":{"m_AlwaysRefresh":false,"showFog":true,"showSkybox":false,"showFlares":true,"showImageEffects":true,"showParticleSystems":true,"showVisualEffectGraphs":true,"m_FxEnabled":true},"in2DMode":false,"pivot":{"x":-5.769999980926514,"y":0.6299999952316284,"z":0.040000006556510928},"rotation":{"x":0.06531473249197006,"y":0.5670600533485413,"z":-0.045175701379776,"w":0.8198437094688416},"size":0.8660253882408142,"orthographic":false}